timestamp,project_name,run_id,experiment_id,duration,emissions,emissions_rate,cpu_power,gpu_power,ram_power,cpu_energy,gpu_energy,ram_energy,energy_consumed,water_consumed,country_name,country_iso_code,region,cloud_provider,cloud_region,os,python_version,codecarbon_version,cpu_count,cpu_model,gpu_count,gpu_model,longitude,latitude,ram_total_size,tracking_mode,cpu_utilization_percent,gpu_utilization_percent,ram_utilization_percent,ram_used_gb,on_cloud,pue,wue
2026-07-29T15:36:19,codecarbon,260b6dcf-edd9-4789-9a7e-b0f5d6a5fd8c,5b0fa12a-3dd7-45bb-9766-cc326314d9f1,4119.913596,0.018422874,4.47E-06,20.99317177,26.65451085,20,0.0240402,0.030617906,0.022882834,0.07754094,0,United Kingdom,GBR,england,,,Windows-11-10.0.26200-SP0,3.13.11,3.2.9,32,AMD Ryzen 9 9950X 16-Core Processor,1,1 x NVIDIA GeForce RTX 5080,-1.4522,52.8901,31.14888382,machine,3.810095565,6.803479539,90.24048027,28.10899866,N,1,0
2026-07-29T16:08:12,codecarbon,3e510be9-cf93-49d4-b6f9-8a41f350d899,5b0fa12a-3dd7-45bb-9766-cc326314d9f1,21.406670999946073,7.575034945451038e-05,3.5386328614431087e-06,17.00236121075,169.9660598853186,20.0,8.581156366891353e-05,0.00013212232792003675,0.00010089547111096586,0.0003188293626999162,0.0,United Kingdom,GBR,england,,,Windows-11-10.0.26200-SP0,3.13.11,3.2.9,32,AMD Ryzen 9 9950X 16-Core Processor,1,1 x NVIDIA GeForce RTX 5080,-1.4522,52.8901,31.148883819580078,machine,0.0,9.647058823529411,57.08235294117647,17.774911543902228,N,1.0,0.0
2026-07-29T16:17:35,codecarbon,e5e481cc-ebb0-4ffc-b850-a1b2d1bd03d6,5b0fa12a-3dd7-45bb-9766-cc326314d9f1,23.08123359992169,8.62177199669479e-05,3.735403465057449e-06,17.2740950562,18.00971224869925,20.0,9.66286130607065e-05,0.00015638512510829372,0.00010987225388849361,0.0003628859920574938,0.0,United Kingdom,GBR,england,,,Windows-11-10.0.26200-SP0,3.13.11,3.2.9,32,AMD Ryzen 9 9950X 16-Core Processor,1,1 x NVIDIA GeForce RTX 5080,-1.4522,52.8901,31.148883819580078,machine,0.0,7.7368421052631575,59.22631578947368,18.447512777228106,N,1.0,0.0
2026-07-29T16:18:04,codecarbon,d8ab6a5b-b598-4d7b-9fd0-afb5ba132e41,5b0fa12a-3dd7-45bb-9766-cc326314d9f1,17.565464599989355,7.198232768401011e-05,4.09794613027507e-06,21.6240464627,151.27446532150012,20.0,0.00010401279749806758,0.00011963315126273244,7.932400222182171e-05,0.00030296995098262174,0.0,United Kingdom,GBR,england,,,Windows-11-10.0.26200-SP0,3.13.11,3.2.9,32,AMD Ryzen 9 9950X 16-Core Processor,1,1 x NVIDIA GeForce RTX 5080,-1.4522,52.8901,31.148883819580078,machine,8.807142857142857,8.5,63.800000000000004,19.87289319719587,N,1.0,0.0
2026-08-12T14:13:59,codecarbon,b1287b6c-d312-436e-af31-148fee8bc974,5b0fa12a-3dd7-45bb-9766-cc326314d9f1,8.515316899865866,2.7403207222901163e-05,3.2181077398696487e-06,17.06375269025,22.326641857037583,20.0,2.4308990032021677e-05,6.26539390120584e-05,2.8375774443460006e-05,0.0001153387034875401,0.0,United Kingdom,GBR,england,,,Windows-11-10.0.26200-SP0,3.13.11,3.2.9,32,AMD Ryzen 9 9950X 16-Core Processor,1,1 x NVIDIA GeForce RTX 5080,-1.4407,52.9887,31.148883819580078,machine,0.0,1.8,58.879999999999995,18.337401580810546,N,1.0,0.0
2026-08-12T14:27:25,codecarbon,cee3633e-e32a-45b3-9dd7-9bffce9a9f8e,5b0fa12a-3dd7-45bb-9766-cc326314d9f1,8.692325100069866,2.6737297852818945e-05,3.0759661592275283e-06,17.019901424,19.00932939938638,20.0,2.5678280035066672e-05,5.673087871738147e-05,3.012676611284001e-05,0.00011253592486528815,0.0,United Kingdom,GBR,england,,,Windows-11-10.0.26200-SP0,3.13.11,3.2.9,32,AMD Ryzen 9 9950X 16-Core Processor,1,1 x NVIDIA GeForce RTX 5080,-1.4407,52.9887,31.148883819580078,machine,0.0,4.8,53.3,16.613047790527343,N,1.0,0.0
2026-08-12T14:28:02,codecarbon,0d4bb807-a09a-4d09-9802-f489ec8709cd,5b0fa12a-3dd7-45bb-9766-cc326314d9f1,11.599768499843776,4.020146159508885e-05,3.465712405866572e-06,17.001195168000002,18.09374470988307,20.0,3.944153925192469e-05,8.338590004175472e-05,4.637846499940174e-05,0.00016920590429308113,0.0,United Kingdom,GBR,england,,,Windows-11-10.0.26200-SP0,3.13.11,3.2.9,32,AMD Ryzen 9 9950X 16-Core Processor,1,1 x NVIDIA GeForce RTX 5080,-1.4407,52.9887,31.148883819580078,machine,0.0,7.375,48.825,15.203217029571533,N,1.0,0.0
2026-08-12T14:29:26,codecarbon,f09ae3c2-3a21-4e0a-b1c1-55c88357a3d5,5b0fa12a-3dd7-45bb-9766-cc326314d9f1,13.476459000026807,4.601526776350642e-05,3.414492468935266e-06,17.000633732954547,15.764837708328358,20.0,4.8168166145158467e-05,8.886007108799276e-05,5.6647681111159425e-05,0.00019367591834431065,0.0,United Kingdom,GBR,england,,,Windows-11-10.0.26200-SP0,3.13.11,3.2.9,32,AMD Ryzen 9 9950X 16-Core Processor,1,1 x NVIDIA GeForce RTX 5080,-1.4407,52.9887,31.148883819580078,machine,0.0,6.1,49.03,15.274438095092773,N,1.0,0.0
2026-08-12T14:32:01,codecarbon,ace287f6-d54a-456b-98c2-cb5acd8e3352,5b0fa12a-3dd7-45bb-9766-cc326314d9f1,3.436467500170693,3.0554326489297706e-06,8.891201935644682e-07,17.6028658235,140.72699793505984,20.0,9.898606318347462e-07,1.0817230876369877e-05,1.0530688903397984e-06,1.2860160398544421e-05,0.0,United Kingdom,GBR,england,,,Windows-11-10.0.26200-SP0,3.13.11,3.2.9,32,AMD Ryzen 9 9950X 16-Core Processor,1,1 x NVIDIA GeForce RTX 5080,-1.4407,52.9887,31.148883819580078,machine,0,0,0,0,N,1.0,0.0
2026-08-12T14:33:40,codecarbon,80980df7-5bd3-48fe-a751-7290d8c21303,5b0fa12a-3dd7-45bb-9766-cc326314d9f1,9.104417500086129,2.9963941529627335e-05,3.291143176303577e-06,17.001410048,20.546581124963634,20.0,2.7592126451596105e-05,6.607977508554796e-05,3.244480222282518e-05,0.00012611670375996926,0.0,United Kingdom,GBR,england,,,Windows-11-10.0.26200-SP0,3.13.11,3.2.9,32,AMD Ryzen 9 9950X 16-Core Processor,1,1 x NVIDIA GeForce RTX 5080,-1.4407,52.9887,31.148883819580078,machine,0.0,2.8,50.239999999999995,15.653612518310547,N,1.0,0.0
2026-08-12T14:34:40,codecarbon,fd9ffb63-7ea9-4f53-8f04-5714ca066f2c,5b0fa12a-3dd7-45bb-9766-cc326314d9f1,24.035812699934468,8.896319113477044e-05,3.7012766011033606e-06,17.000339922285715,17.959682498177052,20.0,9.816145782279321e-05,0.00016082012865759054,0.00011545995388878509,0.0003744415403691688,0.0,United Kingdom,GBR,england,,,Windows-11-10.0.26200-SP0,3.13.11,3.2.9,32,AMD Ryzen 9 9950X 16-Core Processor,1,1 x NVIDIA GeForce RTX 5080,-1.4407,52.9887,31.148883819580078,machine,0.0,1.15,49.595,15.448644065856934,N,1.0,0.0
2026-08-12T14:35:32,codecarbon,7a24308d-955e-43cf-8165-31e78b1b913f,5b0fa12a-3dd7-45bb-9766-cc326314d9f1,14.00584869994782,4.661713081920108e-05,3.328404569969027e-06,17.000633732954547,176.22798170534722,20.0,5.074828233680289e-05,8.577729084358054e-05,5.968355611096033e-05,0.00019620912929134378,0.0,United Kingdom,GBR,england,,,Windows-11-10.0.26200-SP0,3.13.11,3.2.9,32,AMD Ryzen 9 9950X 16-Core Processor,1,1 x NVIDIA GeForce RTX 5080,-1.4407,52.9887,31.148883819580078,machine,0.0,1.7,49.97,15.565205383300782,N,1.0,0.0
2026-08-12T14:36:04,codecarbon,69e1346c-01ef-4527-9e27-7f6bcbc532f9,5b0fa12a-3dd7-45bb-9766-cc326314d9f1,10.968597800005227,3.353623618599501e-05,3.0574770629276815e-06,17.0015909609375,286.0500892129031,20.0,3.647712836995292e-05,6.178838276316156e-05,4.288679888963492e-05,0.0001411523100227494,0.0,United Kingdom,GBR,england,,,Windows-11-10.0.26200-SP0,3.13.11,3.2.9,32,AMD Ryzen 9 9950X 16-Core Processor,1,1 x NVIDIA GeForce RTX 5080,-1.4407,52.9887,31.148883819580078,machine,0.0,4.714285714285714,50.114285714285714,15.604872022356306,N,1.0,0.0
2026-08-12T14:36:30,codecarbon,bc605fe9-5029-4785-a48f-34b94dbb248f,5b0fa12a-3dd7-45bb-9766-cc326314d9f1,5.964077000040561,1.7300447266567438e-05,2.9007753029428995e-06,17.073013844000002,184.31550127483305,20.0,1.2935606103383927e-05,4.4802535841270696e-05,1.5078559445424213e-05,7.281670139007883e-05,0.0,United Kingdom,GBR,england,,,Windows-11-10.0.26200-SP0,3.13.11,3.2.9,32,AMD Ryzen 9 9950X 16-Core Processor,1,1 x NVIDIA GeForce RTX 5080,-1.4407,52.9887,31.148883819580078,machine,0.0,21.5,50.05,15.592449188232422,N,1.0,0.0
2026-08-12T14:37:19,codecarbon,27e68403-4c85-4c4a-9ede-1478bb63d1a5,5b0fa12a-3dd7-45bb-9766-cc326314d9f1,6.418131100013852,1.711402171585158e-05,2.666511707094086e-06,17.765611235,22.770869215958015,20.0,1.5035510881943144e-05,3.940864263807242e-05,1.7587892222218216e-05,7.203204574223378e-05,0.0,United Kingdom,GBR,england,,,Windows-11-10.0.26200-SP0,3.13.11,3.2.9,32,AMD Ryzen 9 9950X 16-Core Processor,1,1 x NVIDIA GeForce RTX 5080,-1.4407,52.9887,31.148883819580078,machine,0.0,4.666666666666667,50.20000000000001,15.642704010009766,N,1.0,0.0
2026-08-12T14:38:07,codecarbon,379d7d1f-3441-4cb7-9080-d3cb99982f2e,5b0fa12a-3dd7-45bb-9766-cc326314d9f1,7.01031449995935,1.8366758340104708e-05,2.6199621058671775e-06,17.011335464,320.319181983733,20.0,1.76574231456436e-05,3.8915586688226256e-05,2.073174055484641e-05,7.730475038871627e-05,0.0,United Kingdom,GBR,england,,,Windows-11-10.0.26200-SP0,3.13.11,3.2.9,32,AMD Ryzen 9 9950X 16-Core Processor,1,1 x NVIDIA GeForce RTX 5080,-1.4407,52.9887,31.148883819580078,machine,0.0,19.333333333333332,49.76666666666667,15.49789555867513,N,1.0,0.0
2026-08-12T14:38:25,codecarbon,80aac8a3-5770-420d-9993-9e956eb42788,5b0fa12a-3dd7-45bb-9766-cc326314d9f1,7.238136900123209,2.1069522136352585e-05,2.9109040664862165e-06,17.010163809125,310.6221860422004,20.0,1.8860875747256514e-05,4.766920480125947e-05,2.2150465000110367e-05,8.868054554862635e-05,0.0,United Kingdom,GBR,england,,,Windows-11-10.0.26200-SP0,3.13.11,3.2.9,32,AMD Ryzen 9 9950X 16-Core Processor,1,1 x NVIDIA GeForce RTX 5080,-1.4407,52.9887,31.148883819580078,machine,0.0,2.6666666666666665,49.53333333333333,15.420332590738932,N,1.0,0.0
2026-08-12T14:40:14,codecarbon,db698547-b1b1-438c-9e83-d5791ed22eab,5b0fa12a-3dd7-45bb-9766-cc326314d9f1,5.323025100165978,1.0558758716250977e-05,1.9836011511427483e-06,17.080216064,20.93985060618534,20.0,9.787644041691202e-06,2.3262518610067673e-05,1.1391115001040613e-05,4.4441277652799485e-05,0.0,United Kingdom,GBR,england,,,Windows-11-10.0.26200-SP0,3.13.11,3.2.9,32,AMD Ryzen 9 9950X 16-Core Processor,1,1 x NVIDIA GeForce RTX 5080,-1.4407,52.9887,31.148883819580078,machine,0.0,0.0,49.7,15.477344512939453,N,1.0,0.0
2026-08-12T14:42:19,codecarbon,8d49a449-1c93-421c-9a46-21c7baf477d4,5b0fa12a-3dd7-45bb-9766-cc326314d9f1,6.462111300090328,1.5896230421290285e-05,2.4599128184418747e-06,17.0399289455,254.03997327061225,20.0,1.511306973170778e-05,3.4068082809923794e-05,1.772527166693989e-05,6.690642420857147e-05,0.0,United Kingdom,GBR,england,,,Windows-11-10.0.26200-SP0,3.13.11,3.2.9,32,AMD Ryzen 9 9950X 16-Core Processor,1,1 x NVIDIA GeForce RTX 5080,-1.4407,52.9887,31.148883819580078,machine,0.0,13.333333333333334,49.29999999999999,15.352638244628906,N,1.0,0.0
2026-08-12T14:45:17,codecarbon,45380819-97e3-40a9-beeb-e80b3a05532e,5b0fa12a-3dd7-45bb-9766-cc326314d9f1,115.1645537998993,0.0004482165479951339,3.891966175407748e-06,17.000016456,86.70659512547401,20.0,0.0005438158382067144,0.0007030069512952153,0.0006396978322235453,0.0018865206217254752,0.0,United Kingdom,GBR,england,,,Windows-11-10.0.26200-SP0,3.13.11,3.2.9,32,AMD Ryzen 9 9950X 16-Core Processor,1,1 x NVIDIA GeForce RTX 5080,-1.4407,52.9887,31.148883819580078,machine,0.0,1.2280701754385965,49.22631578947369,15.331969177513791,N,1.0,0.0
2026-08-12T15:00:54,codecarbon,d45005a7-d82e-4338-9e86-126afe9f5daa,5b0fa12a-3dd7-45bb-9766-cc326314d9f1,835.363588700071,0.0032645829721281187,3.9079785332853845e-06,17.478448321804308,31.65054963063562,20.0,0.004058355137865228,0.005041844311249655,0.004640264007224079,0.013740463456338968,0.0,United Kingdom,GBR,england,,,Windows-11-10.0.26200-SP0,3.13.11,3.2.9,32,AMD Ryzen 9 9950X 16-Core Processor,1,1 x NVIDIA GeForce RTX 5080,-1.4407,52.9887,31.148883819580078,machine,0.24096385542168675,0.8060240963855422,48.380602409638556,15.070264820880201,N,1.0,0.0
2026-08-12T15:01:34,codecarbon,b0c17e56-8f3e-4eb6-b1db-d9de21e2b379,5b0fa12a-3dd7-45bb-9766-cc326314d9f1,6.055234699975699,1.4271184654307979e-05,2.3568342700845687e-06,17.0655695015,231.56193830788482,20.0,1.3201459161970982e-05,3.1473914068769204e-05,1.5391316112234363e-05,6.0066689342974545e-05,0.0,United Kingdom,GBR,england,,,Windows-11-10.0.26200-SP0,3.13.11,3.2.9,32,AMD Ryzen 9 9950X 16-Core Processor,1,1 x NVIDIA GeForce RTX 5080,-1.4407,52.9887,31.148883819580078,machine,0.0,2.5,49.2,15.33083724975586,N,1.0,0.0
2026-08-12T15:02:41,codecarbon,7ff435ce-9e1f-4070-9fb8-d0c266cc3aec,5b0fa12a-3dd7-45bb-9766-cc326314d9f1,11.498639399884269,3.626347871784154e-05,3.1537191016014054e-06,17.0012654545,178.4361975531257,20.0,3.875859416956885e-05,6.831755465341871e-05,4.555498611104364e-05,0.0001526311349340312,0.0,United Kingdom,GBR,england,,,Windows-11-10.0.26200-SP0,3.13.11,3.2.9,32,AMD Ryzen 9 9950X 16-Core Processor,1,1 x NVIDIA GeForce RTX 5080,-1.4407,52.9887,31.148883819580078,machine,0.0,4.75,49.112500000000004,15.301555633544922,N,1.0,0.0
2026-08-12T15:09:09,codecarbon,3cabfdb0-a9ce-4c96-be41-5de1bf0df831,5b0fa12a-3dd7-45bb-9766-cc326314d9f1,14.030394000001252,4.474547194676549e-05,3.18918142617816e-06,17.000922527409088,287.97939966413895,20.0,5.0870404189289994e-05,7.765506212464857e-05,5.98059461115756e-05,0.00018833141242551417,0.0,United Kingdom,GBR,england,,,Windows-11-10.0.26200-SP0,3.13.11,3.2.9,32,AMD Ryzen 9 9950X 16-Core Processor,1,1 x NVIDIA GeForce RTX 5080,-1.4407,52.9887,31.148883819580078,machine,0.0,0.8,51.56,16.062404251098634,N,1.0,0.0
2026-08-12T15:13:01,codecarbon,b56ded7f-0d8f-4418-8c58-1b7cdaf22a7e,5b0fa12a-3dd7-45bb-9766-cc326314d9f1,9.90008160006255,3.032027736159795e-05,3.0626290354421305e-06,17.005807890928573,403.74765645368564,20.0,3.13248649578434e-05,5.9517547613907595e-05,3.677409055591044e-05,0.00012761650312766143,0.0,United Kingdom,GBR,england,,,Windows-11-10.0.26200-SP0,3.13.11,3.2.9,32,AMD Ryzen 9 9950X 16-Core Processor,1,1 x NVIDIA GeForce RTX 5080,-1.4407,52.9887,31.148883819580078,machine,0.0,4.833333333333333,51.78333333333333,16.131413141886394,N,1.0,0.0
2026-08-12T15:13:44,codecarbon,9124c450-8241-4370-8ffa-ae7254ed80c0,5b0fa12a-3dd7-45bb-9766-cc326314d9f1,12.147212800104171,3.742265158071712e-05,3.0807603519052695e-06,17.0017457215,197.67806828799272,20.0,4.202309215749387e-05,6.609005287216974e-05,4.9396889444647565e-05,0.00015751003447431118,0.0,United Kingdom,GBR,england,,,Windows-11-10.0.26200-SP0,3.13.11,3.2.9,32,AMD Ryzen 9 9950X 16-Core Processor,1,1 x NVIDIA GeForce RTX 5080,-1.4407,52.9887,31.148883819580078,machine,0.0,0.75,51.925,16.170093536376953,N,1.0,0.0
2026-08-12T15:14:02,codecarbon,5b8360d2-9407-4be6-952b-6411df1c9efa,5b0fa12a-3dd7-45bb-9766-cc326314d9f1,10.000301899854094,3.694678151680437e-05,3.6945666127683035e-06,17.0027326565,23.30944035295336,20.0,3.1773730290070775e-05,8.637701354530236e-05,3.735637777717784e-05,0.00015550712161255096,0.0,United Kingdom,GBR,england,,,Windows-11-10.0.26200-SP0,3.13.11,3.2.9,32,AMD Ryzen 9 9950X 16-Core Processor,1,1 x NVIDIA GeForce RTX 5080,-1.4407,52.9887,31.148883819580078,machine,0.0,1.8333333333333333,51.916666666666664,16.17583974202474,N,1.0,0.0
2026-08-12T15:14:39,codecarbon,fba3321f-ccdf-45bd-99c5-26a59c1aed21,5b0fa12a-3dd7-45bb-9766-cc326314d9f1,7.26699860021472,2.0775696758396473e-05,2.858910246354335e-06,17.010544913,21.130690017969638,20.0,1.892271688722768e-05,4.6318370388043206e-05,2.220276222279709e-05,8.744384949806798e-05,0.0,United Kingdom,GBR,england,,,Windows-11-10.0.26200-SP0,3.13.11,3.2.9,32,AMD Ryzen 9 9950X 16-Core Processor,1,1 x NVIDIA GeForce RTX 5080,-1.4407,52.9887,31.148883819580078,machine,0.0,18.0,51.70000000000001,16.103267669677734,N,1.0,0.0
2026-08-12T15:15:01,codecarbon,6e490a3a-2906-415f-8625-e0024b74666b,5b0fa12a-3dd7-45bb-9766-cc326314d9f1,9.790183000033721,3.11078564634555e-05,3.177454033632298e-06,17.00144968592857,244.29545984296124,20.0,3.085176684638204e-05,6.381755105255849e-05,3.626206555507249e-05,0.00013093138345401302,0.0,United Kingdom,GBR,england,,,Windows-11-10.0.26200-SP0,3.13.11,3.2.9,32,AMD Ryzen 9 9950X 16-Core Processor,1,1 x NVIDIA GeForce RTX 5080,-1.4407,52.9887,31.148883819580078,machine,0.0,0.8333333333333334,51.68333333333334,16.093652089436848,N,1.0,0.0
2026-08-12T15:15:30,codecarbon,7e529edd-1127-4bc9-95e9-1259a10ee634,5b0fa12a-3dd7-45bb-9766-cc326314d9f1,18.51858939998783,6.321235026626389e-05,3.41345384904454e-06,17.4087596705,29.042004661384194,20.0,7.21175870448811e-05,0.00010916286510820328,8.4777110555054e-05,0.0002660575627081384,0.0,United Kingdom,GBR,england,,,Windows-11-10.0.26200-SP0,3.13.11,3.2.9,32,AMD Ryzen 9 9950X 16-Core Processor,1,1 x NVIDIA GeForce RTX 5080,-1.4407,52.9887,31.148883819580078,machine,0.0,0.26666666666666666,51.31333333333334,15.977762858072916,N,1.0,0.0
2026-08-12T15:15:51,codecarbon,40357fb9-3d35-4eb6-ac2e-d09b25b6ca35,5b0fa12a-3dd7-45bb-9766-cc326314d9f1,9.36862689978443,3.1645565770693586e-05,3.377823250856723e-06,17.00202389492857,20.877440400646748,20.0,2.890214162468522e-05,7.031311180583089e-05,3.3979321110786664e-05,0.00013319457454130277,0.0,United Kingdom,GBR,england,,,Windows-11-10.0.26200-SP0,3.13.11,3.2.9,32,AMD Ryzen 9 9950X 16-Core Processor,1,1 x NVIDIA GeForce RTX 5080,-1.4407,52.9887,31.148883819580078,machine,0.0,9.833333333333334,51.449999999999996,16.026155471801758,N,1.0,0.0
2026-08-12T15:16:12,codecarbon,089e3256-dad7-4955-a32b-8285741ea152,5b0fa12a-3dd7-45bb-9766-cc326314d9f1,11.001834399998188,3.268216552014279e-05,2.9706105665568073e-06,17.0022790115,298.69457846788777,20.0,3.666102219021724e-05,5.779310178954944e-05,4.310344611035867e-05,0.00013755757009012535,0.0,United Kingdom,GBR,england,,,Windows-11-10.0.26200-SP0,3.13.11,3.2.9,32,AMD Ryzen 9 9950X 16-Core Processor,1,1 x NVIDIA GeForce RTX 5080,-1.4407,52.9887,31.148883819580078,machine,0.0,4.0,51.614285714285714,16.080183301653182,N,1.0,0.0
2026-08-12T15:18:00,codecarbon,80995e4f-01b6-499e-9d74-bbcc964111ff,5b0fa12a-3dd7-45bb-9766-cc326314d9f1,31.667407399974763,0.00010927699513093969,3.450771758821872e-06,17.0000470016,112.92027740143602,20.0,0.0001339129613772071,0.00016853013482442947,0.00015749821055473554,0.0004599413067563721,0.0,United Kingdom,GBR,england,,,Windows-11-10.0.26200-SP0,3.13.11,3.2.9,32,AMD Ryzen 9 9950X 16-Core Processor,1,1 x NVIDIA GeForce RTX 5080,-1.4407,52.9887,31.148883819580078,machine,0.0,0.17857142857142858,51.36071428571429,15.998889514378138,N,1.0,0.0
2026-08-12T15:18:32,codecarbon,c0658be4-8334-4642-a5ab-a4d8d9b1ab6c,5b0fa12a-3dd7-45bb-9766-cc326314d9f1,11.80952989985235,3.581826369178877e-05,3.0329965710351086e-06,17.0014141875,13.36387876223618,20.0,4.0336137723279986e-05,6.299699484202392e-05,4.742411499998222e-05,0.00015075724756528615,0.0,United Kingdom,GBR,england,,,Windows-11-10.0.26200-SP0,3.13.11,3.2.9,32,AMD Ryzen 9 9950X 16-Core Processor,1,1 x NVIDIA GeForce RTX 5080,-1.4407,52.9887,31.148883819580078,machine,0.0,1.875,51.9375,16.172455310821533,N,1.0,0.0
2026-08-12T15:18:57,codecarbon,5df3c2ba-a8a9-4421-9053-c9c783e77d2d,5b0fa12a-3dd7-45bb-9766-cc326314d9f1,9.53180280001834,2.8490623522996127e-05,2.9890068144235326e-06,17.00260458457143,16.08903273278193,20.0,2.9610740562587137e-05,5.551698885852829e-05,3.4787853888701646e-05,0.00011991558330981707,0.0,United Kingdom,GBR,england,,,Windows-11-10.0.26200-SP0,3.13.11,3.2.9,32,AMD Ryzen 9 9950X 16-Core Processor,1,1 x NVIDIA GeForce RTX 5080,-1.4407,52.9887,31.148883819580078,machine,0.0,5.166666666666667,51.25,15.973620732625326,N,1.0,0.0
2026-08-12T15:19:12,codecarbon,ca11c59b-fe07-48a3-838c-b4a676334851,5b0fa12a-3dd7-45bb-9766-cc326314d9f1,7.1770558001007885,2.0163245545087115e-05,2.8094034805754137e-06,17.018000297,20.86903072234105,20.0,1.849068279203992e-05,4.468059129880686e-05,2.169479944406905e-05,8.486607353491582e-05,0.0,United Kingdom,GBR,england,,,Windows-11-10.0.26200-SP0,3.13.11,3.2.9,32,AMD Ryzen 9 9950X 16-Core Processor,1,1 x NVIDIA GeForce RTX 5080,-1.4407,52.9887,31.148883819580078,machine,0.0,1.6666666666666667,51.43333333333334,16.021386464436848,N,1.0,0.0
2026-08-12T15:19:29,codecarbon,6074127e-ee5c-4093-a55f-95cd5ddecd98,5b0fa12a-3dd7-45bb-9766-cc326314d9f1,8.478849899955094,2.4594548329797283e-05,2.9006939172171855e-06,26.56553868200001,17.298112490110906,20.0,2.4922628225084848e-05,4.962337303293651e-05,2.897120000044298e-05,0.00010351720125846434,0.0,United Kingdom,GBR,england,,,Windows-11-10.0.26200-SP0,3.13.11,3.2.9,32,AMD Ryzen 9 9950X 16-Core Processor,1,1 x NVIDIA GeForce RTX 5080,-1.4407,52.9887,31.148883819580078,machine,0.0,1.2,51.7,16.114139556884766,N,1.0,0.0
2026-08-12T15:20:40,codecarbon,aad75fcb-12eb-402a-a516-68eabef07062,5b0fa12a-3dd7-45bb-9766-cc326314d9f1,11.747755599906668,3.594335922266266e-05,3.0595937170286567e-06,21.896629748000002,13.810567946200255,20.0,4.0046089574908135e-05,6.435532926296617e-05,4.688234944543284e-05,0.00015128376828330714,0.0,United Kingdom,GBR,england,,,Windows-11-10.0.26200-SP0,3.13.11,3.2.9,32,AMD Ryzen 9 9950X 16-Core Processor,1,1 x NVIDIA GeForce RTX 5080,-1.4407,52.9887,31.148883819580078,machine,0.0,0.5,51.475,16.02986717224121,N,1.0,0.0
2026-08-12T15:21:06,codecarbon,373b928b-2b31-4c1f-895c-569abaef0792,5b0fa12a-3dd7-45bb-9766-cc326314d9f1,9.183278699871153,2.5248273868565758e-05,2.7493746725687423e-06,17.615188099250002,255.43003322953504,20.0,2.804209530608907e-05,4.528448067198099e-05,3.2942122777199585e-05,0.00010626869875526964,0.0,United Kingdom,GBR,england,,,Windows-11-10.0.26200-SP0,3.13.11,3.2.9,32,AMD Ryzen 9 9950X 16-Core Processor,1,1 x NVIDIA GeForce RTX 5080,-1.4407,52.9887,31.148883819580078,machine,0.0,8.0,51.92,16.178749084472656,N,1.0,0.0
2026-08-12T15:22:32,codecarbon,35c2f442-fe06-4064-8cae-883cea19eef8,5b0fa12a-3dd7-45bb-9766-cc326314d9f1,21.496566000161693,7.241522825160919e-05,3.3686882012254653e-06,17.1495011144,15.01079675216945,20.0,8.60951845835273e-05,0.00011743814950548881,0.00010125867333392509,0.00030479200742294124,0.0,United Kingdom,GBR,england,,,Windows-11-10.0.26200-SP0,3.13.11,3.2.9,32,AMD Ryzen 9 9950X 16-Core Processor,1,1 x NVIDIA GeForce RTX 5080,-1.4407,52.9887,31.148883819580078,machine,0.0,1.2222222222222223,48.638888888888886,15.151494132147896,N,1.0,0.0
2026-08-12T15:23:23,codecarbon,ea5b4a47-1170-4fd0-bcea-f4ec4e8a1c4a,5b0fa12a-3dd7-45bb-9766-cc326314d9f1,11.307490000035614,3.365633499076333e-05,2.9764638297851536e-06,17.0019639366875,13.207835573115412,20.0,3.810308275682012e-05,5.877476924176506e-05,4.477994777650262e-05,0.0001416577997750878,0.0,United Kingdom,GBR,england,,,Windows-11-10.0.26200-SP0,3.13.11,3.2.9,32,AMD Ryzen 9 9950X 16-Core Processor,1,1 x NVIDIA GeForce RTX 5080,-1.4407,52.9887,31.148883819580078,machine,0.0,5.428571428571429,48.57142857142857,15.124002729143415,N,1.0,0.0
2026-08-12T15:24:08,codecarbon,6e1bfc19-a48b-4e75-a44f-dc547c65af3b,5b0fa12a-3dd7-45bb-9766-cc326314d9f1,21.282400800148025,7.615521516190197e-05,3.5783188126676146e-06,17.00025095825,115.83895865482081,20.0,8.510869302528653e-05,0.00013532427492624066,0.0001001004538899805,0.0003205334218415077,0.0,United Kingdom,GBR,england,,,Windows-11-10.0.26200-SP0,3.13.11,3.2.9,32,AMD Ryzen 9 9950X 16-Core Processor,1,1 x NVIDIA GeForce RTX 5080,-1.4407,52.9887,31.148883819580078,machine,0.0,0.23529411764705882,48.85294117647059,15.215205473058363,N,1.0,0.0
2026-08-12T15:24:54,codecarbon,ce800a93-4bb7-4364-88c9-9cc073434b4c,5b0fa12a-3dd7-45bb-9766-cc326314d9f1,18.881756499875337,6.72324372533421e-05,3.5607088383851363e-06,17.0015126345,222.1128140815025,20.0,7.374536108579025e-05,0.0001224995424431441,8.673300055476526e-05,0.0002829779040836996,0.0,United Kingdom,GBR,england,,,Windows-11-10.0.26200-SP0,3.13.11,3.2.9,32,AMD Ryzen 9 9950X 16-Core Processor,1,1 x NVIDIA GeForce RTX 5080,-1.4407,52.9887,31.148883819580078,machine,0.0,0.8666666666666667,48.24666666666667,15.025970713297527,N,1.0,0.0
2026-08-12T15:30:47,codecarbon,8538dd80-ee15-433e-9aab-7a57e367874b,5b0fa12a-3dd7-45bb-9766-cc326314d9f1,7.700046600075439,2.6150623578692943e-05,3.3961643269063775e-06,19.0864247543,374.17164337637865,20.0,2.1019808934661857e-05,6.446116268055135e-05,2.4585671111061755e-05,0.00011006664272627497,0.0,United Kingdom,GBR,england,,,Windows-11-10.0.26200-SP0,3.13.11,3.2.9,32,AMD Ryzen 9 9950X 16-Core Processor,1,1 x NVIDIA GeForce RTX 5080,-1.4407,52.9887,31.148883819580078,machine,0.0,3.0,50.525,15.731873512268066,N,1.0,0.0
2026-08-12T15:41:49,codecarbon,721bf418-bb1c-46be-a521-69d78064bb4a,5b0fa12a-3dd7-45bb-9766-cc326314d9f1,9.906913000158966,3.0439843821096735e-05,3.0725861648939783e-06,17.007966928571427,127.28628010818129,20.0,3.112055558189847e-05,6.043671501654302e-05,3.656248166743252e-05,0.000128119752265874,0.0,United Kingdom,GBR,england,,,Windows-11-10.0.26200-SP0,3.13.11,3.2.9,32,AMD Ryzen 9 9950X 16-Core Processor,1,1 x NVIDIA GeForce RTX 5080,-1.4407,52.9887,31.148883819580078,machine,0.0,14.166666666666666,51.583333333333336,16.062196095784504,N,1.0,0.0
2026-08-12T15:42:11,codecarbon,cc8e05f4-4d69-4938-a4f5-b86f56ce1ba7,5b0fa12a-3dd7-45bb-9766-cc326314d9f1,9.263587300200015,3.006285903415694e-05,3.245271843393524e-06,17.006050538,19.566564762412515,20.0,2.842024181626101e-05,6.474199623696109e-05,3.337080444519719e-05,0.0001265330424984193,0.0,United Kingdom,GBR,england,,,Windows-11-10.0.26200-SP0,3.13.11,3.2.9,32,AMD Ryzen 9 9950X 16-Core Processor,1,1 x NVIDIA GeForce RTX 5080,-1.4407,52.9887,31.148883819580078,machine,0.0,1.8,51.339999999999996,15.995867156982422,N,1.0,0.0
2026-08-12T15:42:36,codecarbon,8cae15ab-6560-401f-8a95-64283cd955fd,5b0fa12a-3dd7-45bb-9766-cc326314d9f1,13.476542699849233,4.916106683923197e-05,3.647899014914408e-06,17.043304153318182,17.986291623531976,20.0,4.852672180927885e-05,0.00010161313684520223,5.6776567776170046e-05,0.00020691642643065112,0.0,United Kingdom,GBR,england,,,Windows-11-10.0.26200-SP0,3.13.11,3.2.9,32,AMD Ryzen 9 9950X 16-Core Processor,1,1 x NVIDIA GeForce RTX 5080,-1.4407,52.9887,31.148883819580078,machine,0.0,6.0,55.82000000000001,17.38451232910156,N,1.0,0.0
2026-08-12T15:44:02,codecarbon,4aa93852-ea01-4547-941d-00174fc32557,5b0fa12a-3dd7-45bb-9766-cc326314d9f1,30.580152000067756,0.00011812733215936145,3.8628758993447685e-06,17.2376868005,18.87291252521213,20.0,0.00012900341748187544,0.00021646183983659029,0.00015172666722080777,0.0004971919245392735,0.0,United Kingdom,GBR,england,,,Windows-11-10.0.26200-SP0,3.13.11,3.2.9,32,AMD Ryzen 9 9950X 16-Core Processor,1,1 x NVIDIA GeForce RTX 5080,-1.4407,52.9887,31.148883819580078,machine,0.0,2.0,46.97777777777778,14.636233294451678,N,1.0,0.0
2026-08-12T15:45:30,codecarbon,c2602dfb-9ff3-4ea7-b7b1-44e024cfeacd,5b0fa12a-3dd7-45bb-9766-cc326314d9f1,11.506029199808836,3.943059307071968e-05,3.426950547924456e-06,17.002443716000002,17.781565361912964,20.0,3.901671419230474e-05,8.106950929942514e-05,4.5875134444536853e-05,0.00016596135793626673,0.0,United Kingdom,GBR,england,,,Windows-11-10.0.26200-SP0,3.13.11,3.2.9,32,AMD Ryzen 9 9950X 16-Core Processor,1,1 x NVIDIA GeForce RTX 5080,-1.4407,52.9887,31.148883819580078,machine,0.0,0.75,46.3625,14.437594413757324,N,1.0,0.0
2026-08-12T15:46:06,codecarbon,1f09b1a5-4089-40bf-a739-5655dc181305,5b0fa12a-3dd7-45bb-9766-cc326314d9f1,19.447296499973163,7.298939746069184e-05,3.7531899336646906e-06,17.002172192,248.97290049721775,20.0,7.627104894918279e-05,0.0001412320574303294,8.970555000058893e-05,0.0003072086563801011,0.0,United Kingdom,GBR,england,,,Windows-11-10.0.26200-SP0,3.13.11,3.2.9,32,AMD Ryzen 9 9950X 16-Core Processor,1,1 x NVIDIA GeForce RTX 5080,-1.4407,52.9887,31.148883819580078,machine,0.0,3.1333333333333333,46.48666666666667,14.480865478515625,N,1.0,0.0
2026-08-12T15:46:37,codecarbon,33285c0d-5fe9-46b9-b720-275a3ce934dd,5b0fa12a-3dd7-45bb-9766-cc326314d9f1,16.033652199897915,5.5077681767396845e-05,3.435130130098963e-06,17.0003490695,258.4020906142351,20.0,6.030148683310336e-05,0.0001006014693700763,7.091620111217102e-05,0.00023181915731535066,0.0,United Kingdom,GBR,england,,,Windows-11-10.0.26200-SP0,3.13.11,3.2.9,32,AMD Ryzen 9 9950X 16-Core Processor,1,1 x NVIDIA GeForce RTX 5080,-1.4407,52.9887,31.148883819580078,machine,0.0,1.25,46.583333333333336,14.505071957906088,N,1.0,0.0
2026-08-12T15:46:56,codecarbon,0f38e83f-81ac-4bd1-8799-fd0b77bbafe4,5b0fa12a-3dd7-45bb-9766-cc326314d9f1,12.184132099850103,4.0102231492277594e-05,3.29134904018079e-06,17.000675809500002,263.08336633292805,20.0,4.217565766204116e-05,7.703450607277063e-05,4.957808610957323e-05,0.00016878824984438502,0.0,United Kingdom,GBR,england,,,Windows-11-10.0.26200-SP0,3.13.11,3.2.9,32,AMD Ryzen 9 9950X 16-Core Processor,1,1 x NVIDIA GeForce RTX 5080,-1.4407,52.9887,31.148883819580078,machine,0.0,5.125,46.7625,14.563021183013916,N,1.0,0.0
2026-08-12T15:48:01,codecarbon,872e8ea0-dd12-464c-934c-f91050cea775,5b0fa12a-3dd7-45bb-9766-cc326314d9f1,9.77455720002763,3.441361599218183e-05,3.520734012593895e-06,17.00120861257143,122.88863805643757,20.0,3.0812833022085437e-05,7.78128400282796e-05,3.621948388948416e-05,0.0001448451569398492,0.0,United Kingdom,GBR,england,,,Windows-11-10.0.26200-SP0,3.13.11,3.2.9,32,AMD Ryzen 9 9950X 16-Core Processor,1,1 x NVIDIA GeForce RTX 5080,-1.4407,52.9887,31.148883819580078,machine,0.0,5.5,47.333333333333336,14.746025721232096,N,1.0,0.0
2026-08-12T15:48:53,codecarbon,1146f8e0-b167-499b-ab66-486dbcd78edd,5b0fa12a-3dd7-45bb-9766-cc326314d9f1,17.49613200011663,6.212989715681068e-05,3.551064724271428e-06,18.8567766401,155.90889224646207,20.0,8.15815862473949e-05,0.00010112480312152172,7.879518333356828e-05,0.00026150157270248486,0.0,United Kingdom,GBR,england,,,Windows-11-10.0.26200-SP0,3.13.11,3.2.9,32,AMD Ryzen 9 9950X 16-Core Processor,1,1 x NVIDIA GeForce RTX 5080,-1.4407,52.9887,31.148883819580078,machine,0.0,1.9285714285714286,46.964285714285715,14.62166268484933,N,1.0,0.0
2026-08-12T15:49:26,codecarbon,2493e04a-47a9-4d9d-8800-2260b375a578,5b0fa12a-3dd7-45bb-9766-cc326314d9f1,17.764190200017765,6.75471604482964e-05,3.8024339802570256e-06,17.0027103491,204.67375629117544,20.0,6.83602361718884e-05,0.00013559538625429468,8.034693555544234e-05,0.0002843025579816254,0.0,United Kingdom,GBR,england,,,Windows-11-10.0.26200-SP0,3.13.11,3.2.9,32,AMD Ryzen 9 9950X 16-Core Processor,1,1 x NVIDIA GeForce RTX 5080,-1.4407,52.9887,31.148883819580078,machine,0.0,3.5714285714285716,49.56428571428571,15.436144147600446,N,1.0,0.0
2026-08-12T15:49:51,codecarbon,f7ee0e3b-229c-423b-9458-cf1062baa875,5b0fa12a-3dd7-45bb-9766-cc326314d9f1,18.260695199947804,6.347794896888042e-05,3.4762065887317294e-06,17.001241814300002,158.5449991669499,20.0,7.088878710025503e-05,0.00011294092368618891,8.334574333340344e-05,0.0002671754541198474,0.0,United Kingdom,GBR,england,,,Windows-11-10.0.26200-SP0,3.13.11,3.2.9,32,AMD Ryzen 9 9950X 16-Core Processor,1,1 x NVIDIA GeForce RTX 5080,-1.4407,52.9887,31.148883819580078,machine,0.0,4.785714285714286,50.199999999999996,15.633890424455915,N,1.0,0.0
2026-08-12T15:51:02,codecarbon,e4d1bc87-a4f7-4005-a95d-3975970f280b,5b0fa12a-3dd7-45bb-9766-cc326314d9f1,36.3322548000142,0.00013249311042215137,3.6467076197566354e-06,17.0002332198125,116.82664212183354,20.0,0.0001562383716694353,0.00021764156300196902,0.0001837768188910559,0.0005576567535624603,0.0,United Kingdom,GBR,england,,,Windows-11-10.0.26200-SP0,3.13.11,3.2.9,32,AMD Ryzen 9 9950X 16-Core Processor,1,1 x NVIDIA GeForce RTX 5080,-1.4407,52.9887,31.148883819580078,machine,0.0,0.8125,49.93125,15.554694175720215,N,1.0,0.0
2026-08-12T15:56:16,codecarbon,64545645-3229-48e0-956b-03f060239c26,5b0fa12a-3dd7-45bb-9766-cc326314d9f1,14.96385860000737,4.6830610870250106e-05,3.129581221131496e-06,17.000580921875,131.0808072600528,20.0,5.520262436356616e-05,7.698672825640074e-05,6.491830333317113e-05,0.00019710765595313802,0.0,United Kingdom,GBR,england,,,Windows-11-10.0.26200-SP0,3.13.11,3.2.9,32,AMD Ryzen 9 9950X 16-Core Processor,1,1 x NVIDIA GeForce RTX 5080,-1.4407,52.9887,31.148883819580078,machine,0.0,0.9090909090909091,49.50909090909091,15.418785095214844,N,1.0,0.0
2026-08-12T15:56:45,codecarbon,fc747272-9013-40a4-91eb-53bac517a5f0,5b0fa12a-3dd7-45bb-9766-cc326314d9f1,10.382553099887446,3.571898700295244e-05,3.4402893642161733e-06,17.00359013407143,220.06548432322842,20.0,3.3594521899485485e-05,7.725617291676201e-05,3.948870222213575e-05,0.00015033939703838325,0.0,United Kingdom,GBR,england,,,Windows-11-10.0.26200-SP0,3.13.11,3.2.9,32,AMD Ryzen 9 9950X 16-Core Processor,1,1 x NVIDIA GeForce RTX 5080,-1.4407,52.9887,31.148883819580078,machine,0.0,3.1666666666666665,50.51666666666667,15.739625930786133,N,1.0,0.0
2026-08-12T15:57:08,codecarbon,19fa6580-6e08-463d-8d15-47a5f4861cd1,5b0fa12a-3dd7-45bb-9766-cc326314d9f1,12.378046999918297,3.485915230445284e-05,2.816207783399347e-06,17.0027923265,121.45314328809425,20.0,4.295681509006348e-05,5.325948705081629e-05,5.0504094445043145e-05,0.00014672039658592293,0.0,United Kingdom,GBR,england,,,Windows-11-10.0.26200-SP0,3.13.11,3.2.9,32,AMD Ryzen 9 9950X 16-Core Processor,1,1 x NVIDIA GeForce RTX 5080,-1.4407,52.9887,31.148883819580078,machine,0.0,1.5,50.275,15.657102108001709,N,1.0,0.0
2026-08-12T15:57:48,codecarbon,2b6cb90d-fd69-4849-a68a-f4d997eef5f0,5b0fa12a-3dd7-45bb-9766-cc326314d9f1,11.308002300094813,3.634961261819699e-05,3.214503468741973e-06,17.0019639366875,15.783632766404477,20.0,3.8062612540992744e-05,7.018505614730941e-05,4.4745999445310894e-05,0.00015299366813361306,0.0,United Kingdom,GBR,england,,,Windows-11-10.0.26200-SP0,3.13.11,3.2.9,32,AMD Ryzen 9 9950X 16-Core Processor,1,1 x NVIDIA GeForce RTX 5080,-1.4407,52.9887,31.148883819580078,machine,12.700000000000001,0.8571428571428571,50.24285714285714,15.646993364606585,N,1.0,0.0
2026-08-12T15:58:39,codecarbon,933f5e72-2d01-45b3-997b-f0754bc6d34e,5b0fa12a-3dd7-45bb-9766-cc326314d9f1,24.40683260001242,8.330173788853571e-05,3.4130499132645876e-06,17.000339922285715,14.878342455721572,20.0,9.980314527237409e-05,0.0001334195511804026,0.00011739007555491601,0.00035061277200769273,0.0,United Kingdom,GBR,england,,,Windows-11-10.0.26200-SP0,3.13.11,3.2.9,32,AMD Ryzen 9 9950X 16-Core Processor,1,1 x NVIDIA GeForce RTX 5080,-1.4407,52.9887,31.148883819580078,machine,0.0,0.45,48.855000000000004,15.216182899475097,N,1.0,0.0
2026-08-12T15:59:47,codecarbon,dcd213ed-31ff-4363-a587-dda01db1dc46,5b0fa12a-3dd7-45bb-9766-cc326314d9f1,26.41754739987664,9.076127549563127e-05,3.435643518370486e-06,17.000153,91.69844029080907,20.0,0.000109313543339925,0.00014412428196575178,0.0001285717605574367,0.0003820095858631135,0.0,United Kingdom,GBR,england,,,Windows-11-10.0.26200-SP0,3.13.11,3.2.9,32,AMD Ryzen 9 9950X 16-Core Processor,1,1 x NVIDIA GeForce RTX 5080,-1.4407,52.9887,31.148883819580078,machine,4.545454545454546,0.2727272727272727,47.77272727272727,14.88169982216575,N,1.0,0.0
2026-08-12T16:00:25,codecarbon,abe9a843-1aaa-4660-b919-73a9ee230c27,5b0fa12a-3dd7-45bb-9766-cc326314d9f1,16.651653999928385,5.192840292379202e-05,3.1185132073976168e-06,17.000404838,10.880511070426012,20.0,6.333390069391158e-05,8.074034237015582e-05,7.448975999917214e-05,0.00021856400306323955,0.0,United Kingdom,GBR,england,,,Windows-11-10.0.26200-SP0,3.13.11,3.2.9,32,AMD Ryzen 9 9950X 16-Core Processor,1,1 x NVIDIA GeForce RTX 5080,-1.4407,52.9887,31.148883819580078,machine,0.0,2.1538461538461537,45.26923076923077,14.103208982027494,N,1.0,0.0
2026-08-12T16:00:46,codecarbon,82d74430-2198-4262-a1e8-ec86f5fb2d27,5b0fa12a-3dd7-45bb-9766-cc326314d9f1,13.094146099872887,4.469044224762475e-05,3.4130092872614724e-06,17.00101478015,242.08477519894922,20.0,4.647048619811208e-05,8.697895847120662e-05,5.465035055531189e-05,0.0001880997952246306,0.0,United Kingdom,GBR,england,,,Windows-11-10.0.26200-SP0,3.13.11,3.2.9,32,AMD Ryzen 9 9950X 16-Core Processor,1,1 x NVIDIA GeForce RTX 5080,-1.4407,52.9887,31.148883819580078,machine,0.0,0.6666666666666666,51.43333333333333,16.022084554036457,N,1.0,0.0
2026-08-12T16:01:11,codecarbon,8c2c57d6-1128-4577-a53c-51d8ad0b5351,5b0fa12a-3dd7-45bb-9766-cc326314d9f1,12.533260600175709,4.127909231171529e-05,3.293563712473718e-06,17.00141672645,212.22709727151596,20.0,4.3795680436751875e-05,7.845867387779037e-05,5.148724277840099e-05,0.00017374159709294322,0.0,United Kingdom,GBR,england,,,Windows-11-10.0.26200-SP0,3.13.11,3.2.9,32,AMD Ryzen 9 9950X 16-Core Processor,1,1 x NVIDIA GeForce RTX 5080,-1.4407,52.9887,31.148883819580078,machine,0.0,0.7777777777777778,49.13333333333333,15.308611128065321,N,1.0,0.0
2026-08-12T16:02:12,codecarbon,1778438a-164b-4eae-92ab-d456b07cf782,5b0fa12a-3dd7-45bb-9766-cc326314d9f1,45.16412930004299,0.00016125334010598546,3.570385228390354e-06,17.000040674461538,72.15837795481362,20.0,0.00019796320715085585,0.00024790242054351097,0.0002328414677771636,0.0006787070954715305,0.0,United Kingdom,GBR,england,,,Windows-11-10.0.26200-SP0,3.13.11,3.2.9,32,AMD Ryzen 9 9950X 16-Core Processor,1,1 x NVIDIA GeForce RTX 5080,-1.4407,52.9887,31.148883819580078,machine,2.4390243902439024,0.0975609756097561,47.924390243902444,14.928508572462128,N,1.0,0.0
2026-08-12T16:08:31,codecarbon,0984fbe9-67d6-4bdd-8f93-a02d8478798f,5b0fa12a-3dd7-45bb-9766-cc326314d9f1,10.00563000002876,2.99301878888641e-05,2.991334667460027e-06,17.011941945071428,15.383354828072704,20.0,3.1757268642004815e-05,5.692643442944956e-05,3.729093333369949e-05,0.00012597463640515386,0.0,United Kingdom,GBR,england,,,Windows-11-10.0.26200-SP0,3.13.11,3.2.9,32,AMD Ryzen 9 9950X 16-Core Processor,1,1 x NVIDIA GeForce RTX 5080,-1.4407,52.9887,31.148883819580078,machine,0.0,5.5,49.949999999999996,15.55832544962565,N,1.0,0.0
2026-08-12T16:08:49,codecarbon,0d78f8be-3d01-424d-85a3-8d942d3ef5a0,5b0fa12a-3dd7-45bb-9766-cc326314d9f1,12.070339299971238,3.7845784950959e-05,3.1354367106357305e-06,17.003731295999998,14.131717648284733,20.0,4.1634905735298484e-05,6.87350549890553e-05,4.8921020554068194e-05,0.000159290981278422,0.0,United Kingdom,GBR,england,,,Windows-11-10.0.26200-SP0,3.13.11,3.2.9,32,AMD Ryzen 9 9950X 16-Core Processor,1,1 x NVIDIA GeForce RTX 5080,-1.4407,52.9887,31.148883819580078,machine,0.0,5.125,49.9,15.551785945892334,N,1.0,0.0
2026-08-12T16:09:25,codecarbon,8e33f5fb-6ee7-4e86-9efb-307536f640f3,5b0fa12a-3dd7-45bb-9766-cc326314d9f1,15.621739899972454,5.25239915076595e-05,3.362236975136945e-06,17.001208576423075,272.3500075584051,20.0,5.841150543881065e-05,9.399229741635651e-05,6.866700222275944e-05,0.0002210708050779266,0.0,United Kingdom,GBR,england,,,Windows-11-10.0.26200-SP0,3.13.11,3.2.9,32,AMD Ryzen 9 9950X 16-Core Processor,1,1 x NVIDIA GeForce RTX 5080,-1.4407,52.9887,31.148883819580078,machine,0.0,6.25,49.76666666666667,15.504205067952475,N,1.0,0.0
2026-08-12T16:10:04,codecarbon,f603a1a5-a5ac-41b9-a99f-747b46e6420a,5b0fa12a-3dd7-45bb-9766-cc326314d9f1,17.83297109999694,6.438567028097871e-05,3.61048475433181e-06,17.0004647375,15.038032105529275,20.0,6.88167882309164e-05,0.000121240652547705,8.093856611133864e-05,0.00027099600688996003,0.0,United Kingdom,GBR,england,,,Windows-11-10.0.26200-SP0,3.13.11,3.2.9,32,AMD Ryzen 9 9950X 16-Core Processor,1,1 x NVIDIA GeForce RTX 5080,-1.4407,52.9887,31.148883819580078,machine,0.0,6.357142857142857,46.142857142857146,14.36991936819894,N,1.0,0.0
2026-08-12T16:12:02,codecarbon,0c6fb122-83d6-456a-9c14-5283522d646b,5b0fa12a-3dd7-45bb-9766-cc326314d9f1,11.037352999905124,3.33739844804656e-05,3.023730823935094e-06,17.005872570312498,180.57282040457466,20.0,3.673368570501814e-05,6.06061595966878e-05,4.3129555556354006e-05,0.00014046940085805993,0.0,United Kingdom,GBR,england,,,Windows-11-10.0.26200-SP0,3.13.11,3.2.9,32,AMD Ryzen 9 9950X 16-Core Processor,1,1 x NVIDIA GeForce RTX 5080,-1.4407,52.9887,31.148883819580078,machine,0.0,3.2857142857142856,46.214285714285715,14.392869676862444,N,1.0,0.0
2026-08-12T16:12:23,codecarbon,6e3718cc-5034-4f3a-8219-eb6dee6b777b,5b0fa12a-3dd7-45bb-9766-cc326314d9f1,9.425978200044483,3.0202269672514625e-05,3.2041522939626676e-06,17.00343629257143,18.737475074319324,20.0,2.9158898272949084e-05,6.368310650195497e-05,3.427780999983143e-05,0.00012711981477473547,0.0,United Kingdom,GBR,england,,,Windows-11-10.0.26200-SP0,3.13.11,3.2.9,32,AMD Ryzen 9 9950X 16-Core Processor,1,1 x NVIDIA GeForce RTX 5080,-1.4407,52.9887,31.148883819580078,machine,0.0,10.666666666666666,46.31666666666666,14.423840204874674,N,1.0,0.0
2026-08-12T16:12:54,codecarbon,c6892a42-5753-4c65-8aed-cf0d5f5eb23a,5b0fa12a-3dd7-45bb-9766-cc326314d9f1,17.27899769996293,5.953825767889076e-05,3.4457008857069583e-06,17.001570960285715,257.576406260112,20.0,6.625356287553811e-05,0.00010644091848632797,7.789901277671258e-05,0.00025059349413857865,0.0,United Kingdom,GBR,england,,,Windows-11-10.0.26200-SP0,3.13.11,3.2.9,32,AMD Ryzen 9 9950X 16-Core Processor,1,1 x NVIDIA GeForce RTX 5080,-1.4407,52.9887,31.148883819580078,machine,0.0,5.384615384615385,49.853846153846156,15.528903080866886,N,1.0,0.0
2026-08-13T13:28:14,codecarbon,f36f5d4b-8c89-4aed-a4e9-b82992d50d86,5b0fa12a-3dd7-45bb-9766-cc326314d9f1,17.700293200090528,7.25432874664056e-05,4.0984229270300776e-06,17.0062477193,20.026680079726695,20.0,6.753431040453066e-05,0.00015841401561988988,7.93826761112238e-05,0.00030533100213564436,0.0,United Kingdom,GBR,england,,,Windows-11-10.0.26200-SP0,3.13.11,3.2.9,32,AMD Ryzen 9 9950X 16-Core Processor,1,1 x NVIDIA GeForce RTX 5080,-1.4407,52.9887,31.148883819580078,machine,7.142857142857143,12.071428571428571,53.635714285714286,16.707833426339285,N,1.0,0.0
2026-08-13T13:28:32,codecarbon,f8fd9211-9930-4e70-8dc8-19968f29aed1,5b0fa12a-3dd7-45bb-9766-cc326314d9f1,9.832163100130856,3.554404198265797e-05,3.6150785560285218e-06,18.40598545657143,21.581726347902613,20.0,3.5845470878091584e-05,7.754311759011756e-05,3.621447389014065e-05,0.0001496030623583498,0.0,United Kingdom,GBR,england,,,Windows-11-10.0.26200-SP0,3.13.11,3.2.9,32,AMD Ryzen 9 9950X 16-Core Processor,1,1 x NVIDIA GeForce RTX 5080,-1.4407,52.9887,31.148883819580078,machine,0.0,18.0,54.61666666666667,17.0156192779541,N,1.0,0.0
2026-08-13T13:28:49,codecarbon,47693e0d-2c96-4bff-ba05-fd23ae004def,5b0fa12a-3dd7-45bb-9766-cc326314d9f1,8.133795999921858,2.5599489542852433e-05,3.1472991876238805e-06,17.1357070679,21.918904830926287,20.0,2.3090035734604926e-05,5.793893523975413e-05,2.6717976665693437e-05,0.0001077469476400525,0.0,United Kingdom,GBR,england,,,Windows-11-10.0.26200-SP0,3.13.11,3.2.9,32,AMD Ryzen 9 9950X 16-Core Processor,1,1 x NVIDIA GeForce RTX 5080,-1.4407,52.9887,31.148883819580078,machine,0.0,6.0,55.65,17.3372802734375,N,1.0,0.0
2026-08-19T14:24:04,codecarbon,728920a8-ae4e-48cb-a1da-93c65fe22bbe,5b0fa12a-3dd7-45bb-9766-cc326314d9f1,7.788723099976778,1.9605134857983175e-05,2.5171179673907817e-06,17.0626688,17.236229566045544,20.0,1.9872262506949075e-05,3.946530934983983e-05,2.3179442222074914e-05,8.251701407886382e-05,0.0,United Kingdom,GBR,england,,,Windows-11-10.0.26200-SP0,3.13.11,3.2.9,32,AMD Ryzen 9 9950X 16-Core Processor,1,1 x NVIDIA GeForce RTX 5080,-1.4407,52.9887,31.148883819580078,machine,0.0,11.5,53.525,16.669828414916992,N,1.0,0.0
2026-08-19T14:28:11,codecarbon,cf090d76-b8a7-43fa-a0ff-30971ea222b8,5b0fa12a-3dd7-45bb-9766-cc326314d9f1,10.429789500019979,3.147710337623814e-05,3.0179998720183037e-06,17.00695118342857,144.35957011834853,20.0,3.293626120139921e-05,6.0877548702098494e-05,3.867171499975181e-05,0.0001324855249032495,0.0,United Kingdom,GBR,england,,,Windows-11-10.0.26200-SP0,3.13.11,3.2.9,32,AMD Ryzen 9 9950X 16-Core Processor,1,1 x NVIDIA GeForce RTX 5080,-1.4407,52.9887,31.148883819580078,machine,0.0,10.833333333333334,53.583333333333336,16.688018798828125,N,1.0,0.0
2026-08-19T14:29:30,codecarbon,390de278-e708-451d-8753-1441ce5694bd,5b0fa12a-3dd7-45bb-9766-cc326314d9f1,6.329467000032309,1.577841693634246e-05,2.49285080975411e-06,17.1833209535,102.40962734088274,20.0,1.3187392262059075e-05,3.804169709997751e-05,1.5181463888923948e-05,6.641055325096053e-05,0.0,United Kingdom,GBR,england,,,Windows-11-10.0.26200-SP0,3.13.11,3.2.9,32,AMD Ryzen 9 9950X 16-Core Processor,1,1 x NVIDIA GeForce RTX 5080,-1.4407,52.9887,31.148883819580078,machine,0.0,11.0,57.150000000000006,17.803245544433594,N,1.0,0.0
2026-08-19T14:34:07,codecarbon,92c441d8-aeeb-4e30-b5f3-6d3138a0112e,5b0fa12a-3dd7-45bb-9766-cc326314d9f1,8.315840300056152,2.3803324810553324e-05,2.862407640318994e-06,17.2451972339,115.70027362295546,20.0,2.140134824734134e-05,5.370254296188648e-05,2.508309055572479e-05,0.00010018698176495261,0.0,United Kingdom,GBR,england,,,Windows-11-10.0.26200-SP0,3.13.11,3.2.9,32,AMD Ryzen 9 9950X 16-Core Processor,1,1 x NVIDIA GeForce RTX 5080,-1.4407,52.9887,31.148883819580078,machine,0.0,6.5,55.675,17.34360980987549,N,1.0,0.0
2026-08-19T14:34:35,codecarbon,e8e44947-3c40-43e5-876e-0e3f651de92b,5b0fa12a-3dd7-45bb-9766-cc326314d9f1,10.70312100002775,3.766863522251062e-05,3.519406649930703e-06,17.0045379035,91.06410364939015,20.0,3.398528940544889e-05,8.461062324416346e-05,3.9949454444447635e-05,0.00015854536709406,0.0,United Kingdom,GBR,england,,,Windows-11-10.0.26200-SP0,3.13.11,3.2.9,32,AMD Ryzen 9 9950X 16-Core Processor,1,1 x NVIDIA GeForce RTX 5080,-1.4407,52.9887,31.148883819580078,machine,0.0,3.7142857142857144,53.728571428571435,16.736375536237443,N,1.0,0.0
2026-08-19T14:34:53,codecarbon,518263e1-d2e5-4f67-ac4b-1e698df38a61,5b0fa12a-3dd7-45bb-9766-cc326314d9f1,11.383673899981659,3.320613199641611e-05,2.916996067189663e-06,17.0047146854375,13.313287201623265,20.0,3.7469451699720586e-05,5.8252824379989576e-05,4.404064222213088e-05,0.00013976291830184104,0.0,United Kingdom,GBR,england,,,Windows-11-10.0.26200-SP0,3.13.11,3.2.9,32,AMD Ryzen 9 9950X 16-Core Processor,1,1 x NVIDIA GeForce RTX 5080,-1.4407,52.9887,31.148883819580078,machine,14.285714285714286,7.714285714285714,54.271428571428565,16.902093069893972,N,1.0,0.0
2026-08-19T14:35:16,codecarbon,1116000c-52e2-4328-982b-f4502351f2fa,5b0fa12a-3dd7-45bb-9766-cc326314d9f1,8.11161819996778,2.304603562014465e-05,2.8411144425209997e-06,17.0209247543,80.05655931114325,20.0,2.2552461186405742e-05,4.798920505799664e-05,2.6457923888746236e-05,9.699959013314863e-05,0.0,United Kingdom,GBR,england,,,Windows-11-10.0.26200-SP0,3.13.11,3.2.9,32,AMD Ryzen 9 9950X 16-Core Processor,1,1 x NVIDIA GeForce RTX 5080,-1.4407,52.9887,31.148883819580078,machine,0.0,8.75,55.3,17.21975326538086,N,1.0,0.0
2026-08-19T14:35:56,codecarbon,9535f755-da25-4e84-9c1b-87cf02c1b99a,5b0fa12a-3dd7-45bb-9766-cc326314d9f1,7.280317800003104,1.850812488303518e-05,2.5422138691565484e-06,17.032228665875,151.07851936214877,20.0,1.8320431137640753e-05,3.8120586052237115e-05,2.145873777788236e-05,7.789975496776022e-05,0.0,United Kingdom,GBR,england,,,Windows-11-10.0.26200-SP0,3.13.11,3.2.9,32,AMD Ryzen 9 9950X 16-Core Processor,1,1 x NVIDIA GeForce RTX 5080,-1.4407,52.9887,31.148883819580078,machine,0.0,5.333333333333333,56.96666666666667,17.7445805867513,N,1.0,0.0
2026-08-19T14:40:59,codecarbon,908fdcad-8117-48dd-a822-d7da5cfb93eb,5b0fa12a-3dd7-45bb-9766-cc326314d9f1,6.1378506000037305,1.2756785620905332e-05,2.078379949635395e-06,17.751020288,18.90308402250602,20.0,1.2502880652864365e-05,2.67525214019404e-05,1.4437258888695701e-05,5.3692660943500465e-05,0.0,United Kingdom,GBR,england,,,Windows-11-10.0.26200-SP0,3.13.11,3.2.9,32,AMD Ryzen 9 9950X 16-Core Processor,1,1 x NVIDIA GeForce RTX 5080,-1.4407,52.9887,31.148883819580078,machine,0.0,9.0,57.3,17.84731101989746,N,1.0,0.0
2026-08-19T14:41:33,codecarbon,23f9600b-b7d4-4b6a-b4b1-6ab1ae45f36a,5b0fa12a-3dd7-45bb-9766-cc326314d9f1,5.766270300024189,1.2316219240922185e-05,2.1359073716801864e-06,17.180486144,21.516222556870524,20.0,1.1345696438415037e-05,2.742502193986418e-05,1.30676211110161e-05,5.183833948929532e-05,0.0,United Kingdom,GBR,england,,,Windows-11-10.0.26200-SP0,3.13.11,3.2.9,32,AMD Ryzen 9 9950X 16-Core Processor,1,1 x NVIDIA GeForce RTX 5080,-1.4407,52.9887,31.148883819580078,machine,0.0,4.5,57.55,17.92615509033203,N,1.0,0.0
2026-08-19T14:41:58,codecarbon,e61daaac-8da8-4870-9154-0fea871de757,5b0fa12a-3dd7-45bb-9766-cc326314d9f1,5.586607199977152,1.1503992799839683e-05,2.059209174378097e-06,17.204,20.429161648189297,20.0,1.0900657546445343e-05,2.4998075554005794e-05,1.2520986667045186e-05,4.841971976749632e-05,0.0,United Kingdom,GBR,england,,,Windows-11-10.0.26200-SP0,3.13.11,3.2.9,32,AMD Ryzen 9 9950X 16-Core Processor,1,1 x NVIDIA GeForce RTX 5080,-1.4407,52.9887,31.148883819580078,machine,0.0,4.0,56.75,17.676902770996094,N,1.0,0.0
